1,30,292,2015-03-06
2,23,379,2015-03-04
3,12,218,2015-03-08
4,20,46,2015-03-06
5,18,224,2015-03-09
6,24,208,2015-03-05
7,27,191,2015-03-09
8,17,278,2015-03-04
9,6,341,2015-03-03
10,2,83,2015-03-01
11,3,38,2015-03-09
12,14,137,2015-03-06
13,6,116,2015-03-09
14,8,92,2015-03-03
15,24,50,2015-03-03
16,30,201,2015-03-06
17,13,143,2015-03-04
18,8,98,2015-03-06
19,11,272,2015-03-06
20,6,248,2015-03-09
21,27,393,2015-03-05
22,7,62,2015-03-02
23,28,204,2015-03-06
24,7,154,2015-03-08
25,29,378,2015-03-05
26,10,174,2015-03-02
27,21,319,2015-03-08
28,25,44,2015-03-01
29,6,9,2015-03-01
30,7,169,2015-03-05
31,5,169,2015-03-07
32,21,118,2015-03-02
33,23,136,2015-03-03
34,6,294,2015-03-05
35,22,83,2015-03-02
36,29,368,2015-03-07
37,1,30,2015-03-09
38,4,267,2015-03-05
39,8,336,2015-03-09
40,27,86,2015-03-05
41,27,199,2015-03-06
42,13,231,2015-03-08
43,3,281,2015-03-04
44,7,76,2015-03-02
45,22,331,2015-03-03
46,25,223,2015-03-08
47,22,341,2015-03-06
48,10,352,2015-03-03
49,10,144,2015-03-06
50,7,170,2015-03-09
51,17,394,2015-03-05
52,27,147,2015-03-09
53,3,241,2015-03-02
54,23,252,2015-03-03
55,7,198,2015-03-06
56,4,342,2015-03-02
57,16,299,2015-03-03
58,7,227,2015-03-01
59,28,108,2015-03-02
60,16,229,2015-03-06
61,18,75,2015-03-01
62,25,164,2015-03-09
63,3,15,2015-03-09
64,7,101,2015-03-07
65,7,185,2015-03-02
66,14,244,2015-03-06
67,1,143,2015-03-09
68,5,189,2015-03-05
69,29,386,2015-03-08
70,23,38,2015-03-04
71,28,198,2015-03-02
72,29,247,2015-03-04
73,20,216,2015-03-02
74,2,328,2015-03-04
75,26,161,2015-03-06
76,23,68,2015-03-05
77,6,314,2015-03-07
78,8,317,2015-03-02
79,7,352,2015-03-06
80,5,257,2015-03-03
81,8,83,2015-03-04
82,12,280,2015-03-07
83,22,315,2015-03-03
84,16,108,2015-03-06
85,4,339,2015-03-01
86,28,382,2015-03-06
87,7,314,2015-03-08
88,9,198,2015-03-08
89,21,127,2015-03-02
90,29,42,2015-03-05
91,12,162,2015-03-06
92,21,342,2015-03-05
93,9,105,2015-03-05
94,5,334,2015-03-04
95,25,400,2015-03-08
96,8,290,2015-03-07
97,10,367,2015-03-08
98,11,173,2015-03-04
99,30,311,2015-03-04
100,8,206,2015-03-06
101,11,84,2015-03-08
102,28,393,2015-03-09
103,14,249,2015-03-03
104,17,176,2015-03-09
105,2,145,2015-03-07
106,12,398,2015-03-05
107,5,391,2015-03-01
108,24,393,2015-03-06
109,5,377,2015-03-06
110,11,172,2015-03-03
111,7,345,2015-03-09
112,15,293,2015-03-09
113,23,63,2015-03-04
114,16,262,2015-03-08
115,28,204,2015-03-06
116,25,318,2015-03-08
117,11,279,2015-03-02
118,21,109,2015-03-05
119,17,366,2015-03-04
120,26,354,2015-03-09
121,20,175,2015-03-09
122,28,121,2015-03-02
123,5,58,2015-03-06
124,16,170,2015-03-07
125,20,363,2015-03-08
126,16,77,2015-03-01
127,20,115,2015-03-06
128,24,326,2015-03-01
129,15,259,2015-03-04
130,1,72,2015-03-01
131,25,307,2015-03-03
132,10,58,2015-03-09
133,13,349,2015-03-08
134,9,173,2015-03-08
135,15,80,2015-03-01
136,5,218,2015-03-06
137,11,185,2015-03-04
138,17,17,2015-03-06
139,3,387,2015-03-07
140,12,373,2015-03-08
141,29,128,2015-03-01
142,9,389,2015-03-01
143,23,104,2015-03-02
144,12,99,2015-03-04
145,27,300,2015-03-05
146,11,298,2015-03-08
147,3,197,2015-03-03
148,22,334,2015-03-01
149,26,182,2015-03-09
150,3,287,2015-03-02
151,27,58,2015-03-09
152,5,67,2015-03-01
153,28,97,2015-03-08
154,23,313,2015-03-09
155,22,284,2015-03-08
156,22,103,2015-03-04
157,1,138,2015-03-07
158,1,330,2015-03-05
159,19,241,2015-03-04
160,3,345,2015-03-03
161,19,315,2015-03-04
162,25,383,2015-03-06
163,1,218,2015-03-01
164,16,361,2015-03-07
165,16,164,2015-03-02
166,17,215,2015-03-09
167,9,308,2015-03-03
168,16,76,2015-03-01
169,14,184,2015-03-05
170,7,376,2015-03-03
171,13,333,2015-03-09
172,14,237,2015-03-05
173,22,376,2015-03-08
174,13,241,2015-03-03
175,30,375,2015-03-09
176,2,372,2015-03-03
177,15,322,2015-03-01
178,5,93,2015-03-01
179,20,237,2015-03-04
180,12,199,2015-03-06
181,2,199,2015-03-01
182,27,172,2015-03-08
183,20,216,2015-03-09
184,25,289,2015-03-08
185,3,399,2015-03-02
186,5,355,2015-03-07
187,5,159,2015-03-09
188,19,277,2015-03-01
189,19,284,2015-03-04
190,24,397,2015-03-09
191,22,146,2015-03-03
192,4,305,2015-03-01
193,12,241,2015-03-08
194,28,201,2015-03-05
195,23,310,2015-03-03
196,3,340,2015-03-06
197,3,112,2015-03-03
198,29,194,2015-03-02
199,10,301,2015-03-06
200,30,79,2015-03-02
201,6,102,2015-03-11
202,25,157,2015-03-18
203,22,124,2015-03-19
204,7,59,2015-03-12
205,20,120,2015-03-13
206,23,262,2015-03-15
207,21,316,2015-03-14
208,29,335,2015-03-18
209,10,73,2015-03-11
210,7,231,2015-03-14
211,3,173,2015-03-18
212,4,254,2015-03-19
213,15,210,2015-03-19
214,21,158,2015-03-19
215,30,286,2015-03-16
216,17,291,2015-03-14
217,9,95,2015-03-15
218,18,365,2015-03-14
219,1,317,2015-03-12
220,3,269,2015-03-15
221,17,187,2015-03-14
222,27,351,2015-03-14
223,8,189,2015-03-17
224,17,360,2015-03-11
225,25,252,2015-03-15
226,23,238,2015-03-18
227,8,12,2015-03-12
228,10,162,2015-03-10
229,6,75,2015-03-15
230,9,21,2015-03-17
231,1,50,2015-03-11
232,1,218,2015-03-10
233,27,348,2015-03-15
234,26,151,2015-03-13
235,30,89,2015-03-13
236,7,55,2015-03-11
237,15,295,2015-03-19
238,12,157,2015-03-12
239,7,48,2015-03-15
240,23,204,2015-03-10
241,8,377,2015-03-12
242,12,385,2015-03-13
243,3,157,2015-03-16
244,30,157,2015-03-19
245,5,95,2015-03-14
246,9,204,2015-03-16
247,29,4,2015-03-14
248,19,145,2015-03-16
249,5,187,2015-03-18
250,1,16,2015-03-17
251,25,251,2015-03-12
252,13,102,2015-03-10
253,14,94,2015-03-13
254,1,326,2015-03-19
255,15,380,2015-03-11
256,8,390,2015-03-15
257,16,212,2015-03-12
258,10,389,2015-03-14
259,13,135,2015-03-15
260,22,140,2015-03-19
261,25,61,2015-03-18
262,8,136,2015-03-15
263,2,172,2015-03-13
264,20,5,2015-03-14
265,29,240,2015-03-13
266,10,173,2015-03-17
267,3,332,2015-03-10
268,20,215,2015-03-13
269,9,31,2015-03-11
270,5,366,2015-03-18
271,18,42,2015-03-11
272,16,356,2015-03-16
273,28,139,2015-03-11
274,30,273,2015-03-12
275,26,180,2015-03-18
276,16,140,2015-03-11
277,6,294,2015-03-11
278,24,302,2015-03-16
279,2,164,2015-03-10
280,29,212,2015-03-11
281,16,219,2015-03-16
282,7,228,2015-03-13
283,26,340,2015-03-11
284,12,136,2015-03-11
285,11,285,2015-03-16
286,25,331,2015-03-12
287,11,388,2015-03-15
288,17,66,2015-03-17
289,25,97,2015-03-13
290,17,136,2015-03-14
291,28,253,2015-03-13
292,14,25,2015-03-19
293,13,44,2015-03-11
294,15,19,2015-03-13
295,20,67,2015-03-10
296,30,249,2015-03-13
297,17,316,2015-03-11
298,14,89,2015-03-16
299,27,28,2015-03-16
300,30,278,2015-03-16
301,28,24,2015-03-13
302,22,97,2015-03-12
303,21,163,2015-03-15
304,25,158,2015-03-10
305,18,374,2015-03-15
306,12,304,2015-03-14
307,30,139,2015-03-13
308,15,178,2015-03-13
309,30,48,2015-03-13
310,25,316,2015-03-10
311,16,244,2015-03-11
312,29,211,2015-03-11
313,10,245,2015-03-15
314,8,209,2015-03-12
315,19,158,2015-03-10
316,28,380,2015-03-15
317,28,368,2015-03-19
318,8,374,2015-03-12
319,21,368,2015-03-19
320,25,53,2015-03-13
321,22,299,2015-03-17
322,6,141,2015-03-12
323,30,215,2015-03-17
324,19,146,2015-03-13
325,21,162,2015-03-15
326,24,13,2015-03-16
327,22,159,2015-03-19
328,29,349,2015-03-19
329,23,23,2015-03-17
330,3,209,2015-03-10
331,11,290,2015-03-13
332,10,217,2015-03-19
333,16,392,2015-03-16
334,21,222,2015-03-16
335,16,259,2015-03-13
336,15,371,2015-03-19
337,30,178,2015-03-15
338,15,134,2015-03-17
339,7,138,2015-03-13
340,15,87,2015-03-17
341,14,324,2015-03-15
342,18,205,2015-03-10
343,17,45,2015-03-13
344,16,22,2015-03-18
345,30,307,2015-03-13
346,11,15,2015-03-16
347,4,354,2015-03-10
348,23,314,2015-03-19
349,16,48,2015-03-17
350,10,62,2015-03-19
351,4,166,2015-03-16
352,23,342,2015-03-12
353,19,187,2015-03-10
354,3,158,2015-03-17
355,23,13,2015-03-14
356,6,110,2015-03-16
357,9,214,2015-03-10
358,9,400,2015-03-14
359,21,295,2015-03-18
360,11,234,2015-03-17
361,26,121,2015-03-16
362,23,271,2015-03-16
363,16,70,2015-03-13
364,16,123,2015-03-17
365,3,361,2015-03-15
366,15,253,2015-03-12
367,20,2,2015-03-14
368,15,282,2015-03-14
369,22,199,2015-03-10
370,6,170,2015-03-19
371,29,216,2015-03-14
372,16,228,2015-03-16
373,28,153,2015-03-11
374,28,203,2015-03-18
375,22,358,2015-03-10
376,6,86,2015-03-10
377,26,155,2015-03-15
378,28,22,2015-03-16
379,4,216,2015-03-11
380,7,265,2015-03-18
381,24,228,2015-03-18
382,15,205,2015-03-17
383,14,15,2015-03-12
384,11,13,2015-03-11
385,12,248,2015-03-11
386,30,49,2015-03-18
387,26,102,2015-03-14
388,12,197,2015-03-16
389,24,32,2015-03-12
390,9,259,2015-03-11
391,14,308,2015-03-13
392,24,120,2015-03-17
393,14,155,2015-03-18
394,18,57,2015-03-18
395,11,224,2015-03-17
396,20,321,2015-03-13
397,18,146,2015-03-17
398,17,197,2015-03-11
399,17,55,2015-03-19
400,23,204,2015-03-13
401,4,126,2015-03-21
402,7,6,2015-03-29
403,25,286,2015-03-24
404,26,336,2015-03-20
405,21,234,2015-03-28
406,4,204,2015-03-27
407,21,296,2015-03-26
408,9,267,2015-03-27
409,7,55,2015-03-26
410,30,222,2015-03-28
411,27,71,2015-03-22
412,22,65,2015-03-26
413,18,340,2015-03-27
414,7,282,2015-03-23
415,4,3,2015-03-29
416,9,147,2015-03-27
417,9,10,2015-03-27
418,29,367,2015-03-23
419,21,251,2015-03-29
420,17,32,2015-03-20
421,2,376,2015-03-26
422,1,205,2015-03-28
423,14,189,2015-03-28
424,30,253,2015-03-24
425,6,243,2015-03-20
426,27,200,2015-03-26
427,27,215,2015-03-23
428,23,53,2015-03-29
429,13,395,2015-03-23
430,4,368,2015-03-27
431,26,331,2015-03-20
432,15,176,2015-03-23
433,13,29,2015-03-29
434,8,353,2015-03-21
435,30,132,2015-03-25
436,6,292,2015-03-21
437,18,92,2015-03-22
438,18,42,2015-03-27
439,20,59,2015-03-29
440,24,156,2015-03-25
441,15,319,2015-03-24
442,30,158,2015-03-25
443,4,184,2015-03-23
444,25,27,2015-03-25
445,21,248,2015-03-22
446,6,269,2015-03-28
447,12,105,2015-03-27
448,29,175,2015-03-24
449,2,153,2015-03-21
450,20,17,2015-03-22
451,13,228,2015-03-26
452,19,215,2015-03-25
453,29,70,2015-03-21
454,2,87,2015-03-26
455,24,315,2015-03-27
456,17,339,2015-03-21
457,4,91,2015-03-25
458,3,357,2015-03-27
459,16,244,2015-03-21
460,23,399,2015-03-21
461,21,220,2015-03-25
462,5,277,2015-03-20
463,22,37,2015-03-21
464,18,62,2015-03-27
465,3,94,2015-03-20
466,2,3,2015-03-25
467,17,178,2015-03-24
468,29,215,2015-03-23
469,11,248,2015-03-28
470,3,251,2015-03-21
471,26,135,2015-03-23
472,6,305,2015-03-21
473,8,73,2015-03-26
474,24,160,2015-03-21
475,9,291,2015-03-20
476,17,334,2015-03-28
477,19,376,2015-03-22
478,10,45,2015-03-21
479,27,90,2015-03-24
480,30,362,2015-03-26
481,24,301,2015-03-28
482,5,349,2015-03-25
483,5,376,2015-03-26
484,26,288,2015-03-29
485,7,371,2015-03-21
486,29,58,2015-03-25
487,19,54,2015-03-21
488,15,306,2015-03-23
489,6,346,2015-03-20
490,25,326,2015-03-23
491,26,350,2015-03-23
492,21,86,2015-03-21
493,9,93,2015-03-20
494,30,235,2015-03-21
495,8,399,2015-03-29
496,3,255,2015-03-27
497,29,88,2015-03-23
498,18,3,2015-03-21
499,20,351,2015-03-28
500,29,369,2015-03-25
501,28,391,2015-03-26
502,12,264,2015-03-25
503,22,3,2015-03-22
504,11,323,2015-03-26
505,28,254,2015-03-22
506,17,107,2015-03-28
507,5,335,2015-03-29
508,26,83,2015-03-22
509,22,317,2015-03-20
510,10,260,2015-03-24
511,11,109,2015-03-29
512,29,27,2015-03-25
513,27,127,2015-03-26
514,19,236,2015-03-21
515,1,208,2015-03-21
516,27,70,2015-03-21
517,26,230,2015-03-24
518,26,300,2015-03-27
519,17,262,2015-03-29
520,3,145,2015-03-26
521,2,104,2015-03-20
522,16,100,2015-03-24
523,14,110,2015-03-27
524,4,210,2015-03-25
525,30,391,2015-03-22
526,3,60,2015-03-24
527,19,399,2015-03-23
528,1,138,2015-03-21
529,24,19,2015-03-25
530,13,251,2015-03-22
531,14,84,2015-03-23
532,18,363,2015-03-25
533,11,304,2015-03-27
534,3,250,2015-03-27
535,29,296,2015-03-25
536,7,313,2015-03-29
537,6,119,2015-03-23
538,30,294,2015-03-23
539,27,261,2015-03-20
540,30,81,2015-03-23
541,4,189,2015-03-21
542,21,392,2015-03-25
543,21,108,2015-03-28
544,26,282,2015-03-22
545,2,182,2015-03-24
546,29,166,2015-03-24
547,28,212,2015-03-28
548,27,190,2015-03-28
549,20,327,2015-03-29
550,3,166,2015-03-28
551,1,114,2015-03-21
552,12,104,2015-03-26
553,1,109,2015-03-28
554,6,215,2015-03-25
555,20,76,2015-03-25
556,21,252,2015-03-29
557,27,145,2015-03-27
558,9,398,2015-03-25
559,27,237,2015-03-27
560,14,88,2015-03-22
561,18,216,2015-03-21
562,19,226,2015-03-27
563,16,216,2015-03-20
564,18,44,2015-03-29
565,22,267,2015-03-20
566,5,279,2015-03-20
567,22,301,2015-03-26
568,11,172,2015-03-20
569,22,331,2015-03-25
570,11,171,2015-03-26
571,21,157,2015-03-29
572,2,272,2015-03-22
573,9,242,2015-03-24
574,20,259,2015-03-20
575,4,381,2015-03-26
576,21,336,2015-03-29
577,6,266,2015-03-28
578,4,179,2015-03-28
579,6,11,2015-03-27
580,4,18,2015-03-24
581,23,110,2015-03-24
582,9,176,2015-03-27
583,3,211,2015-03-20
584,9,160,2015-03-25
585,5,50,2015-03-25
586,1,263,2015-03-20
587,25,368,2015-03-25
588,30,27,2015-03-27
589,30,387,2015-03-24
590,5,267,2015-03-25
591,23,211,2015-03-28
592,4,240,2015-03-21
593,7,349,2015-03-20
594,7,127,2015-03-26
595,7,325,2015-03-25
596,10,141,2015-03-27
597,28,256,2015-03-27
598,1,88,2015-03-28
599,21,396,2015-03-28
600,17,387,2015-03-29
601,26,338,2015-03-31
602,10,368,2015-03-31
603,24,78,2015-03-30
604,22,249,2015-03-30
605,28,259,2015-03-31
606,25,43,2015-03-31
607,9,216,2015-03-30
608,20,21,2015-03-30
609,7,323,2015-03-30
610,18,299,2015-03-30
611,20,302,2015-03-30
612,14,202,2015-03-31
613,17,51,2015-03-30
614,19,355,2015-03-30
615,19,272,2015-03-30
616,22,80,2015-03-31
617,3,397,2015-03-31
618,30,284,2015-03-30
619,22,113,2015-03-31
620,19,200,2015-03-31
621,8,181,2015-03-30
622,19,249,2015-03-30
623,30,263,2015-03-30
624,27,123,2015-03-31
625,17,172,2015-03-30
626,5,203,2015-03-31
627,20,193,2015-03-30
628,19,54,2015-03-30
629,6,280,2015-03-30
630,15,149,2015-03-31
631,10,378,2015-03-30
632,3,70,2015-03-31
633,3,132,2015-03-30
634,13,238,2015-03-31
635,12,289,2015-03-31
636,16,212,2015-03-31
637,13,248,2015-03-31
638,6,329,2015-03-31
639,27,55,2015-03-30
640,6,160,2015-03-31
641,19,313,2015-03-31
642,3,102,2015-03-31
643,28,85,2015-03-31
644,25,397,2015-03-30
645,1,127,2015-03-30
646,25,53,2015-03-31
647,30,275,2015-03-31
648,9,225,2015-03-30
649,6,168,2015-03-31
650,28,238,2015-03-31
651,6,376,2015-03-30
652,6,74,2015-03-31
653,27,319,2015-03-30
654,6,97,2015-03-31
655,23,97,2015-03-31
656,21,192,2015-03-31
657,24,284,2015-03-30
658,7,191,2015-03-30
659,27,372,2015-03-31
660,22,125,2015-03-31
661,22,41,2015-03-30
662,23,134,2015-03-31
663,22,370,2015-03-30
664,29,366,2015-03-31
665,29,122,2015-03-30
666,7,14,2015-03-30
667,4,190,2015-03-31
668,25,135,2015-03-31
669,3,218,2015-03-31
670,26,38,2015-03-30
671,30,128,2015-03-30
672,19,105,2015-03-31
673,5,277,2015-03-31
674,26,347,2015-03-31
675,11,103,2015-03-30
676,24,35,2015-03-30
677,15,136,2015-03-31
678,8,63,2015-03-31
679,15,18,2015-03-31
680,11,282,2015-03-31
681,2,26,2015-03-30
682,19,100,2015-03-31
683,16,61,2015-03-30
684,8,329,2015-03-30
685,6,58,2015-03-31
686,27,364,2015-03-30
687,3,107,2015-03-31
688,18,360,2015-03-31
689,27,197,2015-03-30
690,25,273,2015-03-30
691,9,23,2015-03-30
692,2,44,2015-03-30
693,11,77,2015-03-31
694,12,19,2015-03-31
695,17,378,2015-03-30
696,18,339,2015-03-30
697,16,26,2015-03-30
698,16,214,2015-03-30
699,28,189,2015-03-30
700,1,173,2015-03-31
